_BRAND_CODE	_BRAND_DESC_EN	_BRAND_DESC_HK
DLE01	Dole	Dole
DRI01	Driscolls	Driscolls
DIV01	Diva	Diva
WON01	Wonderful	Wonderful
GOL01	Gold	Gold
SHI01	Shine	Shine
PLA01	Planters	Planters
GLO01	Glorys	Glorys
ADO01	Adora	Adora
ENZ01	Enza	Enza
